{"keyset":{"lweSecretKeys":[{"id":0,"params":{"lweDimension":2048,"integerPrecision":64,"keyType":"binary"}},{"id":1,"params":{"lweDimension":595,"integerPrecision":64,"keyType":"binary"}},{"id":2,"params":{"lweDimension":614,"integerPrecision":64,"keyType":"binary"}}],"lweBootstrapKeys":[{"id":0,"inputId":1,"outputId":0,"params":{"levelCount":1,"baseLog":23,"glweDimension":4,"polynomialSize":512,"variance":8.4422531129329586e-31,"integerPrecision":64,"modulus":{"modulus":{"native":{}}},"keyType":"binary","inputLweDimension":595},"compression":"seed"},{"id":1,"inputId":2,"outputId":0,"params":{"levelCount":2,"baseLog":16,"glweDimension":4,"polynomialSize":512,"variance":8.4422531129329586e-31,"integerPrecision":64,"modulus":{"modulus":{"native":{}}},"keyType":"binary","inputLweDimension":614},"compression":"seed"}],"lweKeyswitchKeys":[{"id":0,"inputId":0,"outputId":1,"params":{"levelCount":3,"baseLog":3,"variance":2.5458030934900626e-08,"integerPrecision":64,"modulus":{"modulus":{"native":{}}},"keyType":"binary","inputLweDimension":2048,"outputLweDimension":595},"compression":"seed"},{"id":1,"inputId":0,"outputId":2,"params":{"levelCount":5,"baseLog":2,"variance":1.2938256742325373e-08,"integerPrecision":64,"modulus":{"modulus":{"native":{}}},"keyType":"binary","inputLweDimension":2048,"outputLweDimension":614},"compression":"seed"}],"packingKeyswitchKeys":[]},"circuits":[{"inputs":[{"rawInfo":{"shape":{"dimensions":[1,7,3]},"integerPrecision":64,"isSigned":false},"typeInfo":{"lweCiphertext":{"abstractShape":{"dimensions":[1,7]},"concreteShape":{"dimensions":[1,7,3]},"integerPrecision":64,"encryption":{"keyId":0,"variance":8.4422531129329586e-31,"lweDimension":2048,"modulus":{"modulus":{"native":{}}}},"compression":"seed","encoding":{"integer":{"width":8,"isSigned":false,"mode":{"native":{}}}}}}}],"outputs":[{"rawInfo":{"shape":{"dimensions":[1,2,1,2049]},"integerPrecision":64,"isSigned":false},"typeInfo":{"lweCiphertext":{"abstractShape":{"dimensions":[1,2,1]},"concreteShape":{"dimensions":[1,2,1,2049]},"integerPrecision":64,"encryption":{"keyId":0,"variance":8.4422531129329586e-31,"lweDimension":2048,"modulus":{"modulus":{"native":{}}}},"compression":"none","encoding":{"integer":{"width":6,"isSigned":false,"mode":{"native":{}}}}}}}],"name":"_lambda__proxy"}]}